Greek,Gender,PartOfSpeech,English,ExampleSentence,ExampleTranslation
να,,particle,subjunctive / purpose particle,Θέλω να φάω.,I want to eat.
το,neuter,article,the,Το σπίτι είναι μεγάλο.,The house is big.
δεν,,particle,not,Δεν ξέρω.,I don't know.
είναι,,verb,is / to be,Αυτό είναι καλό.,This is good.
θα,,particle,future tense particle,Θα πάω αύριο.,I will go tomorrow.
και,,conjunction,and,Εγώ και εσύ.,You and I.
μου,,pronoun,my / of me,Το όνομά μου είναι Νίκος.,My name is Nikos.
με,,preposition,with,Έλα με μένα.,Come with me.
για,,preposition,for / about,Αυτό είναι για σένα.,This is for you.
την,feminine,article,the,Βλέπω την Μαρία.,I see Maria.
σου,,pronoun,your,Πώς είναι η οικογένειά σου;,How is your family?
τον,masculine,article,the,Είδα τον Γιώργη.,I saw Giorgis.
τα,neuter plural,article,the,Τα παιδιά παίζουν.,The children are playing.
που,,pronoun,that / which / where,Η γυναίκα που ξέρω.,The woman that I know.
σε,,preposition,to / in,Μένω σε μικρό σπίτι.,I live in a small house.
τι,,pronoun,what,Τι κάνεις;,What are you doing?
του,masculine/neuter,pronoun,his / of him,Το σπίτι του είναι εδώ.,His house is here.
αυτό,,pronoun,this / that,Αυτό είναι δύσκολο.,This is difficult.
ότι,,conjunction,that,Ξέρω ότι έχεις δίκιο.,I know that you are right.
στο,,contraction,to the,Πήγα στο σχολείο.,I went to school.
από,,preposition,from,Είμαι από την Αθήνα.,I am from Athens.
της,feminine,article/pronoun,of the / her,Το τηλέφωνο της Μαρίας.,Maria's phone.
τη,feminine,article,the,Βλέπω τη μαμά μου.,I see my mom.
όχι,,adverb,no / not,Όχι ευχαριστώ.,No thank you.
ναι,,adverb,yes,Ναι θα έρθω.,Yes I will come.
αν,,conjunction,if,Αν θέλεις έλα μαζί μου.,If you want come with me.
ένα,neuter,numeral/article,one / a,Ένα φλιτζάνι καφέ παρακαλώ.,One cup of coffee please.
τους,masculine plural,pronoun/article,their / them,Το σπίτι τους είναι κοντά.,Their house is nearby.
εδώ,,adverb,here,Έλα εδώ.,Come here.
μια,feminine,numeral/article,one / a,Μια στιγμή παρακαλώ.,One moment please.
αλλά,,conjunction,but,Θέλω να έρθω αλλά δεν μπορώ.,I want to come but I can't.
μας,,pronoun,our,Το σπίτι μας είναι εδώ.,Our house is here.
είσαι,,verb,you are,Πώς είσαι σήμερα;,How are you today?
σας,,pronoun,your (plural) / you,Ευχαριστώ σας.,Thank you (formal).
ήταν,,verb,was / were,Ήταν πολύ καλός.,He was very good.
πρέπει,,verb,must / have to,Πρέπει να πάω.,I must go.
είμαι,,verb,I am,Είμαι εντάξει.,I am okay.
κι,,conjunction,and,Εγώ κι εσύ.,You and I (informal).
οι,plural,article,the,Οι φίλοι μου είναι εδώ.,My friends are here.
στην,feminine,contraction,to the,Πήγα στην Αθήνα.,I went to Athens.
πολύ,,adverb,very / a lot,Είναι πολύ καλός.,He is very good.
γιατί,,adverb,why,Γιατί δεν ήρθες;,Why didn't you come?
δε,,particle,not,Δε θέλω.,I don't want to.
εγώ,,pronoun,I,Εγώ είμαι εδώ.,I am here.
πως,,conjunction,how / that,Νομίζω πως έχεις δίκιο.,I think that you are right.
τώρα,,adverb,now,Τι κάνεις τώρα;,What are you doing now?
εντάξει,,expression,okay / alright,Είσαι εντάξει;,Are you okay?
ξέρω,,verb,I know,Ξέρω την απάντηση.,I know the answer.
κάτι,,pronoun,something,Θέλω να σου πω κάτι.,I want to tell you something.
τις,feminine plural,article,the,Βλέπω τις κοπέλες.,I see the girls.
έχει,,verb,has / there is,Έχει πολλά βιβλία.,He has many books.
έχω,,verb,I have,Έχω δύο αδέρφια.,I have two siblings.
εσύ,,pronoun,you,Εσύ τι θέλεις;,What do you want?
μην,,particle,don't,Μην το κάνεις αυτό.,Don't do that.
θέλω,,verb,I want,Θέλω ένα ποτήρι νερό.,I want a glass of water.
καλά,,adverb,well / good,Είμαι καλά ευχαριστώ.,I am well thank you.
έτσι,,adverb,so / thus / like this,Έτσι γίνεται.,That's how it's done.
στη,feminine,contraction,to the,Μένω στη Θεσσαλονίκη.,I live in Thessaloniki.
στον,masculine,contraction,to the,Πήγα στον γιατρό.,I went to the doctor.
αυτή,,pronoun,she / this,Αυτή είναι η φίλη μου.,She is my friend.
ξέρεις,,verb,you know,Ξέρεις πού είναι;,Do you know where it is?
κάνεις,,verb,you do,Τι κάνεις;,What are you doing?
έχεις,,verb,you have,Έχεις λεφτά μαζί σου;,Do you have money with you?
όταν,,conjunction,when,Όταν έρθεις πάρε με τηλέφωνο.,When you come call me.
μπορώ,,verb,I can,Μπορώ να σε βοηθήσω.,I can help you.
μόνο,,adverb,only,Μόνο εσύ το ξέρεις.,Only you know it.
εκεί,,adverb,there,Θα σε περιμένω εκεί.,I will wait for you there.
σαν,,preposition,like / as,Είναι σαν παιδί.,He is like a child.
μαζί,,adverb,together,Πάμε μαζί;,Shall we go together?
πώς,,adverb,how,Πώς σε λένε;,What is your name? (lit. How do they call you?)
τίποτα,,pronoun,nothing,Δεν έχω τίποτα.,I have nothing.
κάνω,,verb,I do / I make,Τι κάνω τώρα;,What do I do now?
όλα,,pronoun,all / everything,Όλα είναι καλά.,Everything is fine.
ευχαριστώ,,verb/expression,thank you,Ευχαριστώ πολύ.,Thank you very much.
μπορεί,,verb,it can / maybe,Μπορεί να έρθει αύριο.,He might come tomorrow.
κάνει,,verb,does / makes,Τι κάνει ο Γιώργης;,What is Giorgis doing?
ποτέ,,adverb,never,Δεν το κάνω ποτέ αυτό.,I never do that.
απ',,particle,from,Απ' ό τι ξέρω είναι καλός.,From what I know he is good.
τόσο,,adverb,so much / that much,Δεν ήξερα ότι ήταν τόσο δύσκολο.,I didn't know it was so difficult.
στα,neuter plural,contraction,to the,Πήγα στα μαγαζιά.,I went to the shops.
αυτά,,pronoun,these,Αυτά είναι τα βιβλία μου.,These are my books.
πού,,adverb,where,Πού είναι το σταθμό;,Where is the station?
πάμε,,verb,let's go / we go,Πάμε για καφέ;,Shall we go for coffee?
μέσα,,adverb,inside / within,Έλα μέσα.,Come inside.
των,plural,article,of the,Το πρόβλημα των παιδιών.,The problem of the children.
μπορείς,,verb,you can,Μπορείς να με βοηθήσεις;,Can you help me?
πιο,,adverb,more,Αυτό είναι πιο εύκολο.,This is easier.
υπάρχει,,adverb,there is / exists,Υπάρχει καφετέρια εδώ κοντά;,Is there a café nearby?
ακόμα,,adverb,still / yet,Δεν έχω τελειώσει ακόμα.,I haven't finished yet.
απλά,,adverb,simply / just,Απλά πες μου την αλήθεια.,Just tell me the truth.
έλα,,verb,come!,Έλα εδώ αμέσως.,Come here immediately.
έχουμε,,verb,we have,Έχουμε πολλή δουλειά.,We have a lot of work.
αυτός,,pronoun,he / this one,Αυτός είναι ο φίλος μου.,He is my friend.
σπίτι,neuter,noun,house / home,Είμαι στο σπίτι.,I am at home.
λοιπόν,,adverb,therefore / so / well then,Λοιπόν τι θέλεις να κάνουμε;,So what do you want us to do?
είμαστε,,verb,we are,Είμαστε εδώ.,We are here.
τότε,,adverb,then,Τότε τι έγινε;,What happened then?
πίσω,,adverb,back / behind,Γύρισε πίσω.,Come back.
παρακαλώ,,expression,please / you're welcome,Μια στιγμή παρακαλώ.,One moment please.
μετά,,adverb,after / afterwards,Θα μιλήσουμε μετά.,We will talk afterwards.
πριν,,adverb,before,Πριν φύγεις πες μου.,Before you leave tell me.
ίσως,,adverb,maybe / perhaps,Ίσως έρθω αύριο.,Maybe I'll come tomorrow.
λίγο,,adverb,a little / slightly,Περίμενε λίγο.,Wait a little.
νομίζω,,verb,I think,Νομίζω ότι έχεις δίκιο.,I think you are right.
κύριε,masculine,noun,mister / sir,Καλημέρα κύριε.,Good morning sir.
γεια,,expression,hello / hi / goodbye,Γεια σου! Πώς είσαι;,Hi! How are you?
ένας,masculine,numeral,one,Ένας φίλος ήρθε να με δει.,A friend came to see me.
πάντα,,adverb,always,Είσαι πάντα εδώ.,You are always here.
πω,,verb,I say / I tell,Θέλω να πω κάτι.,I want to say something.
ποιος,,pronoun,who,Ποιος είναι αυτός;,Who is that?
δουλειά,feminine,noun,work / job,Έχω πολλή δουλειά σήμερα.,I have a lot of work today.
μη,,particle,don't,Μη μιλάς έτσι.,Don't talk like that.
δω,,verb,I see / I give,Θέλω να δω την ταινία.,I want to see the film.
λες,,verb,you say,Τι λες; Τα πάμε καλά;,What do you say? Are we okay?
αλήθεια,feminine,noun,truth,Πες μου την αλήθεια.,Tell me the truth.
όπως,,conjunction,as / like,Κάνε όπως σου λέω.,Do as I tell you.
παιδιά,neuter plural,noun,children,Τα παιδιά παίζουν έξω.,The children are playing outside.
όλοι,,pronoun,everyone / all,Όλοι ξέρουν.,Everyone knows.
είπε,,verb,said,Τι είπε;,What did he say?
γι',,particle,for,Γι' αυτό δεν ήρθα.,That's why I didn't come.
θέλεις,,verb,you want,Τι θέλεις να φας;,What do you want to eat?
άλλο,,adjective,other / another,Θέλεις κάτι άλλο;,Do you want something else?
δύο,,numeral,two,Έχω δύο αδέρφια.,I have two siblings.
ας,,particle,let's / let,Ας πάμε για καφέ.,Let's go for coffee.
ζωή,feminine,noun,life,Η ζωή είναι όμορφη.,Life is beautiful.
είχε,,verb,had,Είχε πολλά βιβλία.,He had many books.
έναν,masculine,numeral,one,Είδα έναν φίλο στον δρόμο.,I saw a friend on the street.
κάνουμε,,verb,we do,Τι κάνουμε τώρα;,What do we do now?
πάω,,verb,I go,Πάω στο σχολείο.,I go to school.
οχι,,adverb,no,Οχι δεν θέλω.,No I don't want to.
ωραία,,adjective,nice / beautiful,Τι ωραία μέρα!,What a nice day!
καλό,,adjective,good,Αυτό είναι καλό.,This is good.
είπα,,verb,I said,Είπα την αλήθεια.,I told the truth.
θες,,verb,you want,Θες καφέ;,Do you want coffee?
πες,,verb,say!,Πες μου τι έγινε.,Tell me what happened.
στις,feminine plural,contraction,to the,Πήγα στις Σέρρες.,I went to Serres.
κοίτα,,verb,look!,Κοίτα τι βρήκα!,Look what I found!
πάνω,,adverb,up / above,Το βιβλίο είναι πάνω στο τραπέζι.,The book is on the table.
έξω,,adverb,outside,Πάμε έξω;,Shall we go outside?
σένα,,pronoun,you,Αυτό είναι για σένα.,This is for you.
χρόνια,neuter plural,noun,years,Χρόνια πολλά!,Many years! (Happy birthday/anniversary)
ώρα,feminine,noun,hour / time,Τι ώρα είναι;,What time is it?
έχουν,,verb,they have,Έχουν πολλά χρήματα.,They have a lot of money.
ούτε,,conjunction,neither / nor,Δεν ήρθε ούτε ο Γιώργης ούτε η Μαρία.,Neither Giorgis nor Maria came.
μία,feminine,numeral,one,Μία ώρα αργότερα.,One hour later.
μα,,conjunction,but,Μα γιατί το έκανες αυτό;,But why did you do that?
κάτω,,adverb,down / below,Κάτσε κάτω.,Sit down.
μένα,,pronoun,me,Αυτό είναι για μένα;,Is this for me?
φορά,feminine,noun,time / occasion,Αυτή είναι η πρώτη φορά.,This is the first time.
μέρα,feminine,noun,day,Καλή μέρα!,Good day!
ήμουν,,verb,I was,Ήμουν εκεί χθες.,I was there yesterday.
κάποιος,,pronoun,someone / somebody,Κάποιος χτύπησε την πόρτα.,Someone knocked on the door.
έπρεπε,,verb,had to / should have,Έπρεπε να έρθεις.,You should have come.
κάθε,,adjective,every / each,Πηγαίνω κάθε μέρα.,I go every day.
μέχρι,,preposition,until / up to,Μείνε μέχρι τις πέντε.,Stay until five.
κανείς,,pronoun,no one / nobody,Δεν ήρθε κανείς.,No one came.
καλή,feminine,adjective,good,Καλή νύχτα.,Good night.
όμως,,conjunction,however,Θέλω να έρθω όμως δεν μπορώ.,I want to come however I can't.
επειδή,,conjunction,because,Δεν ήρθα επειδή ήμουν άρρωστος.,I didn't come because I was sick.
γυναίκα,feminine,noun,woman,Η γυναίκα αυτή είναι πολύ έξυπνη.,This woman is very smart.
πράγματα,neuter plural,noun,things / matters,Έχω πολλά πράγματα να κάνω.,I have many things to do.
είστε,,verb,you are,Είστε έτοιμοι;,Are you ready?
είχα,,verb,I had,Είχα ένα σκύλο παλιά.,I used to have a dog.
χωρίς,,preposition,without,Δεν μπορώ να ζήσω χωρίς σένα.,I can't live without you.
ήθελα,,verb,I wanted,Ήθελα να έρθω αλλά δεν μπόρεσα.,I wanted to come but couldn't.
σωστά,,adverb,correctly / rightly,Μίλησες σωστά.,You spoke correctly.
θέλει,,verb,wants,Τι θέλει ο Νίκος;,What does Nikos want?
μαμά,feminine,noun,mom / mother,Η μαμά μου μαγειρεύει.,My mom is cooking.
μπορούμε,,verb,we can,Μπορούμε να βοηθήσουμε.,We can help.
μόλις,,adverb,just / only,Μόλις έφτασα.,I just arrived.
δυο,,numeral,two,Θέλω δυο καφέδες.,I want two coffees.
πάει,,verb,goes,Πού πάει;,Where is he going?
λέει,,verb,says,Τι λέει αυτός;,What does he say?
θεέ,masculine,noun,god / deity,Θεέ μου τι έγινε!,My God what happened!
πας,,verb,you go,Πού πας;,Where are you going?
καλύτερα,,adverb,better,Νιώθω πολύ καλύτερα.,I feel much better.
ειναι,,verb,is,Ειναι καλά.,He is fine. (informal spelling)
σήμερα,,adverb,today,Τι κάνεις σήμερα;,What are you doing today?
έγινε,,verb,happened / became,Τι έγινε;,What happened?
έκανε,,verb,did / made,Τι έκανε;,What did he do?
ακριβώς,,adverb,exactly / precisely,Ακριβώς αυτό ήθελα.,Exactly what I wanted.
πόσο,,adverb,how much / how many,Πόσο κάνει αυτό;,How much does this cost?
συγγνώμη,,expression,excuse me / sorry,Συγγνώμη που άργησα.,Sorry I'm late.
πεις,,verb,you say,Μη πεις τίποτα.,Don't say anything.
αρέσει,,verb,it pleases / like,Μου αρέσει η μουσική.,I like music.
έκανα,,verb,I did / I made,Τι έκανα λάθος;,What did I do wrong?
συμβαίνει,,verb,it happens / occurs,Τι συμβαίνει εδώ;,What is happening here?
λυπάμαι,,verb,I am sorry,Λυπάμαι πολύ για αυτό.,I am very sorry about that.
πολλά,,adjective,many / a lot,Έχω πολλά πράγματα να πω.,I have many things to say.
φαίνεται,,verb,it seems / appears,Φαίνεται ότι θα βρέξει.,It seems it will rain.
www,,abbreviation,World Wide Web,Βρήκα αυτό στο www.,I found this on the www.
πρόβλημα,neuter,noun,problem,Έχουμε ένα μεγάλο πρόβλημα.,We have a big problem.
εμένα,,pronoun,me,Με εμένα μιλούσε.,He was talking to me.
είπες,,verb,you said,Τι είπες;,What did you say?
κάποιον,,pronoun,someone,Είδα κάποιον στον δρόμο.,I saw someone in the street.
στιγμή,feminine,noun,moment / instant,Μια στιγμή παρακαλώ.,One moment please.
αυτόν,,pronoun,him,Δεν τον ξέρω αυτόν.,I don't know him.
λάθος,neuter,noun,mistake / error,Έκανα ένα λάθος.,I made a mistake.
μέρος,neuter,noun,part / place,Αυτό είναι το μέρος μου.,This is my place.
γίνει,,verb,become,Τι θα γίνει;,What will happen?
όσο,,conjunction,as much as / as long as,Μείνε όσο θέλεις.,Stay as long as you want.
λένε,,verb,they say,Τι λένε οι άλλοι;,What do the others say?
λεφτά,neuter plural,noun,money,Δεν έχω λεφτά.,I have no money.
περίμενε,,verb,wait!,Περίμενε λίγο.,Wait a moment.
χρόνο,masculine,noun,time / year,Χρόνο με τον χρόνο.,Year by year.
παιδί,neuter,noun,child,Το παιδί παίζει.,The child is playing.
άλλη,feminine,adjective,other / another,Θέλω μια άλλη ευκαιρία.,I want another chance.
βλέπω,,verb,I see,Βλέπω μια ωραία εικόνα.,I see a nice picture.
πράγμα,neuter,noun,thing / matter,Αυτό είναι ένα περίεργο πράγμα.,This is a strange thing.
απο,,preposition,from,Είμαι απο εδώ.,I am from here.
εσένα,,pronoun,you,Για εσένα μιλώ.,I am talking about you.
έκανες,,verb,you did / you made,Τι έκανες εκεί;,What did you do there?
φυσικά,,adverb,naturally / of course,Φυσικά θα έρθω.,Of course I will come.
δικό,,adjective,own / personal,Αυτό είναι δικό μου.,This is my own.
ήσουν,,verb,you were,Πού ήσουν χθες;,Where were you yesterday?
γρήγορα,,adverb,quickly / fast,Έλα γρήγορα.,Come quickly.
πάλι,,adverb,again,Ήρθε πάλι.,He came again.
στους,masculine plural,contraction,to the,Πήγα στους φίλους μου.,I went to my friends.
πιστεύω,,verb,I believe,Πιστεύω ότι έχεις δίκιο.,I believe you are right.
κάποια,feminine,pronoun,some / a certain,Κάποια στιγμή θα τελειώσει.,At some point it will end.
ως,,preposition,as / like / until,Εργάζομαι ως δάσκαλος.,I work as a teacher.
φίλε,masculine,noun,friend,Φίλε τι κάνεις;,Hey friend how are you?
οπότε,,conjunction,so / therefore,Δεν ήρθε οπότε φύγαμε.,He didn't come so we left.
μάλλον,,adverb,probably / likely,Μάλλον θα βρέξει.,It will probably rain.
πάρω,,verb,I take,Θέλω να πάρω ένα ταξί.,I want to take a taxi.
μπαμπά,masculine,noun,dad / father,Ο μπαμπάς μου δουλεύει.,My dad is working.
γίνεται,,verb,it becomes / it happens,Δεν γίνεται έτσι.,It can't be done like that.
λέω,,verb,I say,Τι να σου λέω;,What can I say to you?
έχετε,,verb,you have,Έχετε ερωτήσεις;,Do you have questions?
υπάρχουν,,verb,they exist / there are,Υπάρχουν πολλά εστιατόρια εδώ.,There are many restaurants here.
ξέρει,,verb,knows,Ξέρει την απάντηση.,He knows the answer.
ιδέα,feminine,noun,idea,Έχω μια καλή ιδέα.,I have a good idea.
χρειάζεται,,verb,it needs / requires,Χρειάζεται πολύ δουλειά.,It requires a lot of work.
όλο,,adverb,all / the whole time,Είναι όλο το ίδιο.,It's always the same.
ίδιο,,adjective,same / identical,Είναι το ίδιο πράγμα.,It's the same thing.
πήγαινε,,verb,go! / was going,Πήγαινε σπίτι.,Go home.
νομίζεις,,verb,you think,Τι νομίζεις;,What do you think?
σίγουρα,,adverb,surely / certainly,Σίγουρα θα έρθω.,I will certainly come.
οτι,,conjunction,that,Ξέρω οτι είναι εδώ.,I know that he is here.
συγνώμη,,expression,sorry,Συγνώμη δεν το ήξερα.,Sorry I didn't know.
πάρει,,verb,takes,Θέλω να το πάρει.,I want him to take it.
μωρό,neuter,noun,baby / infant,Το μωρό κοιμάται.,The baby is sleeping.
εσείς,,pronoun,you,Εσείς τι θέλετε;,What do you all want?
νέα,feminine,adjective,new,Αυτή είναι μια νέα αρχή.,This is a new beginning.
όλη,feminine,adjective,whole / entire,Όλη η μέρα πέρασε.,The whole day has passed.
μητέρα,feminine,noun,mother,Η μητέρα μου είναι γιατρός.,My mother is a doctor.
σημαίνει,,verb,it means / signifies,Τι σημαίνει αυτή η λέξη;,What does this word mean?
φορές,feminine plural,noun,times / occasions,Πόσες φορές σου είπα;,How many times did I tell you?
εμείς,,pronoun,we,Εμείς θα πάμε.,We will go.
είδα,,verb,I saw,Είδα μια ωραία ταινία.,I saw a nice film.
αρκετά,,adverb,enough / quite,Έχω κάνει αρκετά.,I have done enough.
δει,,verb,sees,Θέλω να δει αυτό.,I want him to see this.
κάνουν,,verb,they do / they make,Τι κάνουν εκεί;,What are they doing there?
πατέρας,masculine,noun,father,Ο πατέρας μου είναι δάσκαλος.,My father is a teacher.
βλέπεις,,verb,you see,Τι βλέπεις εκεί;,What do you see there?
κόσμο,masculine,noun,world / people,Υπάρχει πολύς κόσμος.,There are a lot of people.
όλους,,pronoun,everyone / all,Γνωρίζω όλους εδώ.,I know everyone here.
καιρό,masculine,noun,time / weather / period,Τι καιρό έχει;,What is the weather like?
χαρά,feminine,noun,joy / happiness,Χαρά θεού!,What a joy! / Thank God!
μόνος,masculine,adverb,alone / single,Είμαι μόνος.,I am alone.
σταμάτα,,verb,stop!,Σταμάτα αμέσως.,Stop immediately.
κυρία,feminine,noun,lady / Mrs,Καλημέρα κυρία.,Good morning ma'am.
ήδη,,adverb,already,Έχω ήδη φάει.,I have already eaten.
προς,,preposition,towards,Πηγαίνω προς το σταθμό.,I am going towards the station.
πάρε,,verb,take!,Πάρε αυτό μαζί σου.,Take this with you.
ακόμη,,adverb,still / even,Δεν έχει φτάσει ακόμη.,He hasn't arrived yet.
εκτός,,adverb,outside of / except,Εκτός από αυτό δεν έχω πρόβλημα.,Except for that I have no problem.
πραγματικά,,adverb,really / actually,Πραγματικά δεν το ήξερα.,I really didn't know.
όνομα,neuter,noun,name,Ποιο είναι το όνομά σου;,What is your name?
νόμιζα,,verb,I thought,Νόμιζα ότι ήξερες.,I thought you knew.
κανένα,,pronoun,none / no one,Δεν έχω κανένα πρόβλημα.,I have no problem.
αμέσως,,adverb,immediately / right away,Έλα αμέσως.,Come right away.
πατέρα,masculine,noun,father,Είδα τον πατέρα μου.,I saw my father.
καταλαβαίνω,,verb,"to understand, realise",,
δίκιο,,noun,"that which is right, correct, just",,
απόψε,,verb,"tonight, this evening",Θα δω τους φίλους μου απόψε.,I'll see my friends tonight.
πότε,,verb,when,Πότε πάτε στην Αγγλία;,When are you going to England?
πια,,verb,"any more, no more, no longer, any longer",Δε σε θέλω πια.,I don't want you any more.
τέλος,,noun,"end, finish",Θα έρθω στο τέλος του μήνα.,I will come at the end of the month.
χρειάζομαι,,verb,"I need, I require",,
πρόκειται,,verb,"it's about, it concerns",Πρέπει να σας μιλήσω. Πρόκειται για τον γιό σας.,I have to speak to you. It's about your son.
όπλο,,noun,"gun, rifle, etc",,
μάλιστα,,verb,"especially, particularly, in particular",Τα λαχανικά και μάλιστα τα φρούτα  είναι υγιεινές τροφές.,Vegetables and especially fruits are healthy foods.
θέση,,noun,position,,
τύπος,,noun,"sort, type, mould, stamp",,
αγάπη,,noun,love,,
πόλη,,noun,town; city,,
μήπως,,conjunction,"if, by any chance, perhaps, maybe",Μήπως θέλεις να βγούμε;,By any chance would you like to go?
αμάξι,,noun,"horse carriage, trap",,
μακριά,,verb,far,,
πέρα,,verb,beyond,,
κοντά,,verb,"near, nearby",,
βοήθεια,,noun,"help, assistance,  aid, succour",δίνω τη βοήθειά μου,I give my help
θέμα,,noun,"subject, main topic",Είναι μόνο θέμα χρόνου τώρα.,It's just a matter of time.
κατά,,preposition,"versus, against",Έγινε έγκλημα κατά της Ελλάδας!,Crimes were committed against Greece!
εννοώ,,verb,"to mean, signify",,
πόρτα,,noun,door,,
ξανά,,adverb,again,,
τί,,noun,Polytonic spelling of τι;,,
καλός,,adjective,good,,
καθόλου,,verb,"at all, a little",Δεν έχω καθόλου λεφτά.,I have no money at all.
ορίστε,,adverb,"here's, there's, here you are, here you go, there you are, there you go",Που είναι το παλτό μου; Ορίστε!,Where's my coat? Here you are!
κορίτσι,,noun,"girl, daughter",έκανε κορίτσι,she gave birth to a girl
σίγουρος,,adjective,"secure, certain",,
ελπίζω,,verb,"to hope to, expect to",,
αφού,,adverb,after,,
χέρι,,noun,arm,Της έκοψαν το ένα χέρι λόγω γάγγραινας.,They cut off one of her arms due to gangrene.
ιστορία,,noun,history,,
ομάδα,,noun,"group, bunch, gang",Η ομάδα μας έχασε στον ημιτελικό.,Our team lost in the semifinal.
μπροστά,,verb,"in front, in front of",,
κακό,,noun,evil,,
κεφάλι,,noun,head,,
πρωί,,noun,morning,"Also, πρωία (proḯa)",
σχέση,,noun,relationship,,
άνθρωπος,,noun,a human; person; the species man,,
χαίρομαι,,verb,"to be happy, to be glad",Χαίρω πολύ! Χαίρομαι που σας γνωρίζω από κοντά. Έχω ακούσει τόσα πολλά για σας.,Pleased to meet you! I am happy to meet you in person. I have heard so much about you.
δηλαδή,,conjunction,"specifically, namely, that is to say","Η χώρα μας, δηλαδή η Ελλάδα.","Our country, namely Greece."
καν,,conjunction,even,Δεν ήξερε καν τα βασικά.,He didn't even know the basics.
φίλος,,noun,friend,,
νύχτα,,noun,night,,
ευκαιρία,,noun,"occasion, opportunity, chance",Δεν είχα η ευκαιρία να ταξιδέψω στην Aμερική.,I didn't have the opportunity to travel to America.
αλλιώς,,verb,otherwise; else; differently,,
δωμάτιο,,noun,room,,
τρεις,,numeral,"three, 3",,
αστυνομία,,noun,police,,
γραφείο,,noun,desk,,
άντρας,,noun,man,,
ώστε,,conjunction,"so that, in order that, in order for","Άφησε εκεί την εφημερίδα, ώστε να την δει ο πατέρας σου.",Leave the newspaper there so that your father can see it.
κόρη,,noun,daughter,,
πέντε,,numeral,"five, 5",πέντε αισθήσεις,five senses
βέβαια,,verb,"certainly, of course",,
τηλέφωνο,,noun,"telephone, phone",,
νιώθω,,verb,to feel,νιώθω ντροπή,I feel ashamed
τρία,,numeral,three,,
αγόρι,,noun,boy,,
αίμα,,noun,blood,,
επίσης,,adverb,"also, too, likewise",Καληνύχτα! — Επίσης!,Goodnight! — Likewise!
οικογένεια,,noun,family,,
καρδιά,,noun,heart,,
σκατά,,adjective,"shit, crap, lousy",,
τουλάχιστον,,verb,at least,,
όπου,,verb,"where, wherever",Η πόλη όπου ζει η μητέρα μου.,The town where my mother lives
κάπου,,verb,somewhere,Κάπου έβαλα τα κλειδιά και τώρα δεν τα βρίσκω.,I put the keys somewhere and now I can't find them.
νερό,,noun,water,μαλακό νερό,soft water
κόσμος,,noun,"Universe, cosmos",See related expressions,
μυαλό,,noun,brain,,
αργότερα,,adverb,"later, after",Θα ξεκινήσει δύο ώρες αργότερα.,It will start two hours later.
θυμάμαι,,verb,I remember,,
σχεδόν,,adverb,almost,,
πλάκα,,noun,"slab, bar, sheet, tablet",,
vα,neuter,particle,"added before the dependent or present verb forms to form the different subjunctive moods, serving a variety of different clausal functions and to express imperatives, wishes or hypotheticals:",Μπορώ να έχω...,Can I have...
σχολείο,,noun,school,,
γι'αυτό,,Contraction,"contraction of για (gia) +‎ αυτό (aftó), literally “for that/that's why”",,
κοπέλα,,noun,young adult woman,,
νεκρός,,adjective,dead,Ο πατέρας μου είναι νεκρός εδώ και πέντε χρόνια.,My father has been dead for five years.
μπαμπάς,,noun,"dad, father",,
παιχνίδι,,noun,toy,,
υπόθεση,,noun,"business, matter, affair",Υπόθεση Αβογκάντρο,Avogadro's hypothesis
άλλος,,noun,other,"Τρώω τα μήλα, τα άλλα φρούτα δεν τα τρώω.","I eat apples, I don't like other fruit."
χθες,,adverb,yesterday,,
ρε,,interjection,"hey, eh, dude","Ρε Γιάννη, τι γίνεται εκεί πέρα; Ακούω φωνές.","Hey Gianni, what's going on over there? I can hear shouting."
αργά,,adverb,slowly,,
εμπρός,,verb,"ahead, forth, onwards",Προχωρήστε εμπρός παρακαλώ.,Move ahead please.
σύντομα,,adverb,"soon, quickly",Σύντομα θα είστε ευτυχισμένοι!,Soon you will be happy!
τρόπος,,noun,"method, manner, behaviour, conduct",καλοί τρόποι,good manners
μεταξύ,,verb,"between, amongst, amid",,
φυλακή,,noun,"prison, jail, gaol",κελί φυλακής,prison cell
χάρη,,noun,"favour , favor",Για χάρη σου θα κάνουμε οτιδήποτε.,"For your sake, we'll do anything."
απ' το,,Contraction,"contraction of από (apó) +‎ το (to), literally “from the”",Ποιος τηλεφώνησε; — Η κοπέλα απ’ το γραφείο κάλεσε.,Who called? — The girl from the office called.
σημασία,,noun,"meaning, sense",Tο ρήμα «τρέχω» έχει πολλές σημασίες.,The verb “trécho” has many meanings.
αντίο,,interjection,"goodbye, bye, adieu, farewell",αντίο σου,goodbye to you (singular)
φαγητό,,noun,food,,
έτοιμος,,adjective,"ready, prepared",,
συνέχεια,,verb,"continuously, nonstop",Σηκώθηκε και μιλούσε τρεις ώρες συνέχεια.,He got up and spoke nonstop for three hours.
αστείο,,noun,joke,,
θεός,,noun,god,"Στην αρχαία Ελλάδα, ο Διόνυσος ήταν ο θεός του κρασιού.","In Ancient Greece, Dionysus was the god of wine."
σχέδιο,,noun,"design, plan, drawing, pattern",,
κατάσταση,,noun,"state, condition",,
γύρω,,adverb,"around, close by",γύρω στα 2 κιλά,about 2 kilos
τύχη,,noun,"fate, chance, luck",,
κανένας,,noun,"nobody, no one",Και τελικά δεν ήρθε κανένας.,And finally no one came.
άσχημα,,verb,badly,,
προσπαθώ,,verb,"to attempt, try",,
μπράβο,,interjection,"bravo, well done",,
υποθέτω,,verb,"to suppose, guess",,
ντε,,particle,go on!,"Πήγαινε  ντε, τι περιμένεις;","Go then, what are you waiting for?"
καλημέρα,,interjection,"good morning, hello, good day","Καλημέρα, τι κάνετε;","Good morning, how are you?"
τελικά,,adverb,"finally, at last, after all, all things considered, in the end",Τι έγινε όμως τελικά;,What ended up happening?
αρχή,,noun,"origin, beginning",στην αρχή,in the beginning
βιβλίο,,noun,book,,
ραντεβού,,noun,"appointment, rendezvous",Είχε ραντεβού στο γιατρό.,He/She had an appointment with the doctor.
φοβάμαι,,verb,"to fear, dread, be afraid, be frightened",Φοβάμαι πως δε θα μπορέσουμε …,I am afraid that we are unable to …
εμάς,,noun,us &nbsp;,,
δύναμη,,noun,"power, force, strength, brawn",στρατιωτικές δυνάμεις,military forces
εκείνο,masculine,noun,that one,,
πάρα,,particle,"so, too, very",Λυπάμαι πάρα πολύ.,I am so very sorry.
όνομά,,noun,name,Το όνομά μου είναι Σαμ.,My name is Sam.
γιος,,noun,"son, male child",,
μιλάω,,verb,to speak; to talk,Ας μιλάμε στον ενικό!,Let's talk in the singular!
φέρω,,verb,"to bear, carry",,
αυτοκίνητο,,noun,"car, motorcar, automobile",,
βασικά,,verb,basically,,
λόγος,,noun,word,Υπάρχει βάσιμος λόγος να τηρείται το απόρρητο.,There is a good reason to keep something confidential.
σεξ,,noun,"sexual intercourse, sex",,
γη,,noun,"world, earth",η Γη της Επαγγελίας,the Promised Land
απόδοση,,noun,"imputation, attribution","also see μετάφραση&nbsp;f (metáfrasi, “translation”), ερμηνεία&nbsp;f (ermineía, “interpretation”)",
μισό,,numeral,"half, ⁄2",μισό κιλό κρασί,half a kilo of wine
ενώ,,conjunction,"while, as long as, as",Σφύριζε ενώ δούλευε.,He whistled while he worked.
επιλογή,,noun,"choice, selection, pick",,
περιμένω,,verb,"wait, wait for, expect",,
έξι,,numeral,six,,
ταινία,,noun,"film , movie",Εκείνη η ταινία ακόμα δεν παίζεται στα σινεμά.,That film/movie is not yet showing in theaters.
νοσοκομείο,,noun,hospital,,
πάρτι,,noun,party,,
ακούω,,verb,to hear,Άκουσα κάποια δυσάρεστα νέα.,I heard some bad news.
καφέ,,adjective,of brown,Έφυγε το κουμπί της καφέ φούστας μου.,The button of my brown skirt is torn (literally: gone).
αφεντικό,,noun,"owner, master",Το αφεντικό του σκύλου αυτού είναι ο αδερφός μου.,This dog's owner is my brother.
περίπου,,verb,"approximately, about",,
χώρα,,noun,main town or village,Η Σκωτία είναι χώρα που αποτελεί τμήμα του ΗΒ.,Scotland is a country that is part of the UK.
ερώτηση,,noun,question,Μπορώ να κάνω μια ερώτηση;,May I ask you a question?
μήνυμα,,noun,message,συλλυπητήριο μήνυμα,message of condolence
σώμα,,noun,body,Είναι καινούργιος στο σώμα;,Is he a new guy on the force?
εσάς,,noun,you &nbsp;,,
περίπτωση,,noun,case,"Σ’ αυτήν την περίπτωση, όντως έλεγε την αλήθεια.","In this case, he really was telling the truth."
σκέφτομαι,,verb,"to think, to ponder, to consider",Σκεφτόμουν τι μπορούσαμε να κάνουμε.,I was thinking what we could do.
δίπλα,,verb,"next, next to, beside",,
σκάφος,,noun,"craft, ship",,
καλώς,,adverb,"well, all right, alright",έχει καλώς,all is well
καληνύχτα,,interjection,goodnight!,Καληνύχτα! και όνειρα γλυκά!,Goodnight! and sweet dreams!
δέκα,,numeral,ten,,
κρεβάτι,,noun,bed,,
σειρά,,noun,class,αλφαβητική σειρά,alphabetical order
λέξη,,noun,"word, term",,
ποτό,,noun,"beverage, drink",,
συμφωνία,,noun,"agreement, concurrence, accordance",,
κύριος,,noun,mister,formal spelling: Κύριος (Kýrios),
παρά,,preposition,"despite, in spite of",Είναι έξι παρά είκοσι πέντε.,It's twenty-five to six
γειά,,interjection,obsolete spelling of γεια,,
κάποτε,,verb,"sometime; formerly, once ; at some point",Κάποτε την αγαπούσα αλλά όχι πια.,I loved her once but not anymore.
οτιδήποτε,,noun,"anything, whatsoever",,
φωτιά,,noun,fire,Δεν έχω φωτιά.,I don't have a light.
φίλη,,noun,female friend,,
κάπως,,verb,"somewhat, kind of, a bit",,
μέλλον,,noun,the future,στο εγγύς μέλλον,in the near future
γιατρός,,noun,"doctor, healer.",,
πρόσωπο,,noun,face,,
πουθενά,,verb,"somewhere, anywhere",Δε θα πάμε πουθενά φέτος για διακοπές.,We won't be going anywhere on holiday this year.
πλέον,,verb,"more, -er",Ο πλέον γνωστός ηθοποιός.,The more known actor.
προφανώς,,verb,"obviously, of course",—Δυσαρεστήθηκε ο πελάτης;—Προφανώς!’’ έφυγε από το κατάστημα.,—Was the customer displeased?—Obviously! He left the shop.
περιοχή,,noun,region; district; area,,
προσοχή,,interjection,"attention, be careful, watch out",Προσοχή! Το δέντρο πέφτει.,Watch out! The tree is falling!
σύστημα,,noun,system,,
έρχομαι,,verb,to come,Την είδα να έρχεται στην κατεύθυνσή μου.,I saw her coming in my direction.
κομμάτι,,noun,"potsherd, shard",,
άδεια,,noun,permission,,
σημείο,,noun,"sign, mark",,
πρώτος,,adjective,first,ο Πρώτος Παγκόσμιος Πόλεμος,the First World War
πολλοί,,noun,the majority; most people,,
αποστολή,,noun,"dispatch, consignment",,
φωτογραφία,,noun,photography,,
πλευρά,,noun,side,στη δυτική πλευρά του κτιρίου,on the west side of the building
μακάρι,,particle,"I wish, if only",Μακάρι να ξεχαστούμε όλοι.,If only we were all forgotten.
τιμή,,noun,"price, value","Η προτεινόμενη λιανική τιμή είναι 19,50€.",The suggested retail price is €19.50.
ασφάλεια,,noun,"security, safety",,
φως,,noun,light,,
διανομή,,noun,"distribution, issuance",η διανομή μιας ταινίας,the distribution of a film
καλύτερος,,adjective,"better, nicer, more likeable. comparative degree of καλός",,
εντελώς,,verb,"intensifier: all, completely, totally",Ήταν εντελώς στην αγάπη.,She was completely in love.
παντού,,verb,"everywhere, all over the place",Κοιτάξαμε παντού αλλά δεν βρήκαμε τίποτα.,We looked everywhere but found nothing.
γνωρίζω,,verb,"to know , be aware, recognize",,
χάλια,,verb,"in wretched, terrible, miserable, awful condition",,
κέντρο,,noun,"centre , center : the middle of something or somewhere",κέντρο της πόλης (town centre),
πτώμα,,noun,"cadaver, corpse, dead body",,
τρελός,,adjective,crazy,,
μαλλιά,,noun,hair,,
λίστα,,noun,list,λίστα με τα ψώνια,shopping list
επιτέλους,,verb,"at last, finally",,
δώρο,,noun,"gift, donation, present",,
υπόσχομαι,,verb,to promise,,
τμήμα,,noun,"part, section",ρίζες ονομάζουμε το τμήμα του φυτού που βρίσκεται μέσα στο έδαφος.,roots are the part of the plant that is in the soil.
πραγματικότητα,,noun,"reality, actuality",,
μουσική,,noun,the subject and art of music,,
γνώμη,,noun,"opinion, perception",,
καιρός,,noun,weather,καιρού επιτρέποντος,weather permitting (formal expression)
αυτού,,adverb,there,Κάθισε αυτού.,Sit there.
ενδιαφέρον,,noun,interest,,
συνήθως,,adverb,"usually, generally",,
δείπνο,,noun,"evening meal, supper, dinner",,
δικός,,noun,"mine, yours, his, hers, its, ours, theirs",Αυτός είναι δικός μου.,That's mine.
χρόνος,,noun,time,Ο χρόνος φεύγει και δεν ξαναγυρνά.,Time passes and does not come back.
καθώς,,conjunction,"as, while",Το ευρώ φθίνει καθώς η ευρωπαϊκή κρίση χρεών εξαπλώνεται.,The euro is depreciating as the European debt crisis spreads.
μυστικό,,noun,secret,,
άκρη,,noun,end,,
στόμα,,noun,mouth,Η μάνα του είχε δέκα στόματα να θρέψει.,His mother had ten mouths to feed.
εβδομάδα,,noun,week,,
τελείως,,verb,"completely, totally",,
είτε,,conjunction,"either...or, whether..or","Είτε κερδίσεις είτε χάσεις, δε με νοιάζει.","Either win or lose, I don't care."
αεροπλάνο,,noun,"aeroplane, airplane, plane, aircraft",,
πλοίο,,noun,"ship, large boat",,
τηλεόραση,,noun,television,,
σήμα,,noun,"trademark, logo",,
μεγάλος,,adjective,"big, large, great","Γιαγιά, τι μεγάλα δόντια που έχεις.","Grandma, what big teeth you have."
επίθεση,,noun,"attack, offensive",,
δουλεύω,,verb,to work,,
παραπάνω,,adverb,"above, over, higher up","Μη σταματήσεις στον δεύτερο όροφο, ανέβα παραπάνω.","Don't stop on the second floor, go up above."
σιγά,,adverb,slowly,"Αυτός θα με δείρει; Σιγά, αυτός ούτε ένα παιδάκι δεν μπορεί να δείρει!","He'll beat me up? As if, he couldn't even beat a little child!"
βάση,,noun,"base, foundation",βάση για μακιγιάζ (makeup foundation),
άτομο,,noun,"person, individual",,
λόγια,,noun,words,,
ανάγκη,,noun,necessity,Από ανάγκη πήγαμε μέσω Λονδίνου.,Out of necessity we went through London.
πρώην,,adjective,"former, ex, onetime, sometime",,
γραμμή,,noun,line,γραμμή τερματισμού,finishing line
νόημα,,noun,"sense, meaning",,
παρέα,,noun,"company of friends, fellowship, party",,
κλειδί,,noun,key,,
εναντίον,,verb,"against, versus",,
ατύχημα,,noun,"accident, mishap",,
έρευνα,,noun,"research, examination",,
ζωντανός,,adjective,"alive, living",,
απάντηση,,noun,"answer, response",,
μικρός,,adjective,"small, little",,
πόδι,,noun,leg,Έσπασε το πόδι του παίζοντας ποδόσφαιρο.,He broke his leg playing football.
επιμέλεια,,noun,"diligence, care",Tο δικαστήριο αναθέτει την επιμέλεια των ορφανών σε στενό συγγενή τους.,The court assigns custody of the orphans to close relatives.
φεύγω,,verb,"to leave, depart, go",πότε φεύγει;,when does it leave?
μισώ,,verb,to hate,,
τέσσερα,,numeral,"four, 4",,
ευχαριστούμε,,interjection,"we thank you!, thanks!",,
εκ,,preposition,"suggesting source or origin, of, by",εκ Παρισίων,from Paris
παρελθόν,,noun,"past, time past",το ιστορικό παρελθόν,the historical past
ξενοδοχείο,,noun,hotel,Το ξενοδοχείο μας ήταν ακριβώς δίπλα στη θάλασσα.,Our hotel was right beside the sea.
μάνα,,noun,mum; mom; ma; mama,,
εκείνος,,noun,that,—Δώσε μου εκείνη την εφημερίδα. —Ποια; —Εκείνη που είναι πάνω στο τραπέζι. Γιατί ετούτη που διαβάζω δε γράφει τίποτα ενδιαφέρον.,—Give me that newspaper. —Which one? —The one (That one) which is on the table. Because the one (this one) which I am reading has (writes) nothing interesting.
μαγαζί,,noun,"shop, store, retail outlet",,
ματιά,,noun,"look, glance",Ρίξε μια ματιά σ’ αυτό το φάκελο!,Have a look at this folder!
πρόγραμμα,,noun,schedule,,
υόρκη,,noun,York,Older spelling: Ὑόρκη,
μπαρ,,noun,bar,,
απ' την,,Contraction,"contraction of από (apó) +‎ την (tin), literally “from the”",Ποιος τηλεφώνησε; — Ο κύριος απ’ την τράπεζα κάλεσε.,-Who called? — The man from the bank called.
παίρνω,,verb,"to take, get, move",Παίρνω λαχανικά από το σουπερμάρκετ.,I get vegetables from the supermarket.
ειλικρινά,,verb,"frankly, honestly, sincerely",,
αδελφή,,noun,sister,Η αδελφή μου σπουδάζει νομική.,My sister is studying law.
συχνά,,adverb,"often, frequently",,
τραπέζι,,noun,table,Πήγε στην ΙΚΕΑ να αγοράσει ένα νέο τραπέζι.,He went to IKEA to buy a new table.
μάχη,,noun,"battle, combat",,
νούμερο,,noun,"numeral, number",,
ανάμεσα,,verb,"among, amongst",Το τοπίο ανάμεσα στα δυο χωριά είναι μαγευτικό.,The countryside between the two villages is spectacular.
δυνάμεις,,noun,powers,,
όντως,,verb,"indeed, really, truly, in fact","Όντως ήταν εδώ, αλλά τώρα έχει φύγει.",He really was here but he's left.
εν,,preposition,"in, into, at, within",,
ίδιος,,adjective,own,Την είδα με τα ίδια μου τα μάτια.,I saw her with my own eyes.
λιγάκι,,verb,diminutive of λίγο,,
κίνηση,,noun,movement,,
θύμα,,noun,victim,,
δεξιά,,verb,right,στρίψε δεξιά,turn right
ξαφνικά,,adverb,"suddenly, all of a sudden",,
απόφαση,,noun,"decision, ruling, verdict, judgement, resolution",,
κρίμα,,noun,Indicates a wrong or unjustified action or a misfortune:a misdeed.,,
μηχανή,,noun,"machine, engine",,
μπάνιο,,noun,bath,Μετά το  μπάνιο χαλάρωσα πολύ.,I relaxed a lot after the bath.
ημέρα,,noun,day,,
επαφή,,noun,"touch, contact",πρέπει τα δύο μέρη να μείνουν σε επαφή έως ότου η κόλλα στεγνώσει,both parts must maintain contact until the glue has set
είδος,,noun,"kind, form, type",Το θρανίο είναι ένα είδος επίπλου για σχολική χρήση.,The bench is a kind of furniture used in school.
όνειρο,,noun,dream,,
ψυχή,,noun,"soul, spirit (essence of a person (or place or thing figuratively) usually thought to consist of one's thoughts and personality)",Ο Θεός να αναπαύσει την ψυχή της.,God rest her soul.
νωρίς,,adverb,early,,
εξαιτίας,,preposition,"because of, on account of",Χάσαμε την πτήση μας εξαιτίας σου!,We missed our flight because of you!
ντετέκτιβ,,noun,detective,Έβαλε  ντετέκτιβ να παρακολουθεί τη γυναίκα του.,He hired a detective to watch his wife.
φωνή,,noun,"voice, sound",ενεργητική φωνή,active voice
κάθαρμα,,noun,"scrap, rubbish",Δεν θέλω να ξαναδώ αυτό το κάθαρμα μπροστά μου.,I don't ever want to see that bastard in front of me again.
πρόεδρος,,noun,chairman,,
δίνω,,verb,to give,Δίνει το βιβλίο.,She gives the book.
λόγω,,preposition,"because of, due to, owing to, on account of",Το ματς ακυρώθηκε λόγω καταιγίδας.,The match was cancelled due to a storm.
γιαγιά,,noun,"grandmother, grandma, granny, nan, nanna",Η γιαγιά μου ήταν πάντα η καλύτερη μαγείρισσα.,My grandmother was always the best cook.
πάντως,,verb,"in any case, at any rate, anyway",,
σύμφωνα,,verb,"accordingly, in accordance with, according to",,
ηλίθιος,,adjective,stupid,,
δεσποινίς,,noun,"miss, young unmarried woman",Πώς μεγάλωσε η Σοφία! Είναι πια μια μικρή δεσποινίς!,How Sophia has grown up! She is now a little miss!
τραγούδι,,noun,song,χαρούμενο τραγούδι,joyful song
δολοφόνος,,noun,murderer,,
αφορά,,verb,"to be concerning, to be about",,
.mw-parser-output .object-usage-tag{font-style:italic}.mw-parser-output .deprecated{color:var(--wikt-palette-grey-lime-8,"olivedrab)}[with σε (se)],Η διάσκεψη αφορά σε πολλά θέματα","κυρίως στην οικονομική κατάσταση.,The conference is about many issues",mainly about the economical situation.,,
έκπληξη,,noun,surprise,,
αισθάνομαι,,verb,to feel,Aισθάνομαι πόνο.,I feel pain.
αναφορά,,noun,reference,,
βασιλιάς,,noun,king,Ο Βασιλιάς των Λιονταριών,The Lion King
ησυχία,,noun,"calm, peace, quiet",Θέλω να κάτσω με την ησυχία μου και να διαβάσω.,I want to sit in peace and read.
σκηνή,,noun,skene,η σκηνή εγκλήματος.,the crime scene.
ορκίζομαι,,verb,"to swear, be sworn in",,
ψάχνω,,verb,"to look for, hunt for, search, rummage",,
ασφαλής,,adjective,"safe, secure",,
αντί,,preposition,"instead of, in lieu of","Αντί εκείνης, πήγε αυτός.","Instead of her, he went."
άρα,,verb,"therefore, consequently, accordingly, so","Ο αδερφός μου θα είναι εδώ το καλοκαίρι, άρα θα τον δεις σίγουρα.","My brother will be here in the summer, so you'll definitely see him."
βόμβα,,noun,bomb,,
τέσσερις,,numeral,"four, 4",,
πηγαίνω,,verb,to go,Μπορείς να με πας στο αεροδρόμιο;,Can you take me to the airport?
γεγονός,,noun,"event, fact, occurrence",ιστορικό γεγονός,historical event
νησί,,noun,island,,
μάθημα,,noun,lesson,,
ελπίδα,,noun,"hope, expectation",,
δυστυχώς,,verb,unfortunately,,
δικαίωμα,,noun,"right, entitlement",ανθρώπινα δικαιώματα,human rights
σφαίρα,,noun,bullet,,
βόλτα,,noun,turn,κάνω μια βόλτα / πάω βόλτα,I go for a walk (or drive)
παράθυρο,,noun,window,παράθυρο στον κόσμο,window on the world
κτίριο,,noun,building,,
μάτι,,noun,eye,,
κουτί,,noun,"packet, carton",,
πράκτορας,,noun,agent,,
κάρτα,,noun,card,,
διαφορετικά,,verb,otherwise; else; differently,,
αρχηγός,,noun,leader,,
τσάντα,,noun,"bag, purse, handbag",,
αγαπάω,,verb,to love,Ο άντρας αγαπάει τη γυναίκα του.,The man loves his wife.
νέος,,adjective,"young, youthful",,
διαφορά,,noun,difference,,
